accuracy,macro_precision,macro_recall,macro_f1,pipeline,k_value
0.9642426677380476,0.9643910250008,0.9643342845326716,0.9641182103955308,ColorHists,1
0.928887103254319,0.9309366237868252,0.9290905086848636,0.928288729416152,Combo_BestGuess,3
0.8947368421052632,0.8992832426777232,0.8950196029776675,0.8934011797871213,GrayHist,3
0.8617918842908798,0.8620594847477996,0.8621191894127378,0.8599462041340052,Morphology_GrayHist,1
0.799517878666131,0.8007078857940673,0.799984429280397,0.7951550280767672,EdgesAndTexture,3
0.7725994375251105,0.7707458497081591,0.7730543424317617,0.7682095418336321,Texture_LBP_GLCM,1
0.5717155484130173,0.5778168678733556,0.5721348635235732,0.5690005347197296,RawPixels,1
0.4065889915628766,0.4259394835448356,0.4067585194375517,0.4064317300072521,Frequency_FFT_DCT,1
